<?xml version="1.0" encoding="utf-8" standalone="no"?>
<!--
================================================================================
Copyright 2017.
Siemens Product Lifecycle Management Software Inc.
All Rights Reserved.
================================================================================
-->
<media>
    <product_id>Teamcenter</product_id>
    <product_display_name>Teamcenter</product_display_name>
    <application_id>n5forethought</application_id>
    <application_display_name>forethought</application_display_name>
    <version>14.1.0.7</version>
    <customer>All</customer>
    <rtm_type>Major</rtm_type>
    <parent_release/>
    <platform>wntx64</platform>
    <description>BMIDE project template for Forethought.</description>
    <application_dependency>
        <application id="Foundation" release="14.1.0.6"/>
    </application_dependency>
    <supported_upgrade_paths/>
</media>
