<?xml version="1.0" encoding="utf-8" standalone="no"?>
<!--
Copyright 2017 Siemens Product Lifecycle Management Software Inc. All Rights Reserved.
================================================================================
Copyright 2017.
Siemens Product Lifecycle Management Software Inc.
All Rights Reserved.
================================================================================
Copyright 2017 Siemens Product Lifecycle Management Software Inc. All Rights Reserved.
-->
<package guid="73579B6D339908B17A9AADA2BA46B389" packageId="n5forethought">
    <displayName value="${packageId}.displayName"/>
    <description value="${packageId}.description"/>
    <contentType value="application"/>
    <propertyContribution/>
    <dependencies>
        <dependency id="aws2" type="requires"/>
        <dependency id="cdm0contractmanagement" type="requires"/>
        <dependency id="cla0classification" type="requires"/>
        <dependency id="cm" type="requires"/>
        <dependency id="pkgmgmt" type="requires"/>
        <dependency id="translationservice" type="requires"/>
        <dependency id="vendormanagement" type="requires"/>
        <dependency id="activeworkspacebom" type="requires"/>
        <dependency id="adsfoundation" type="requires"/>
        <dependency id="aut0authorizationaws" type="requires"/>
        <dependency id="csi" type="requires"/>
        <dependency id="relationshipviewer" type="requires"/>
        <dependency id="s2clsocial" type="requires"/>
        <dependency id="saw1projectmanagementaw" type="requires"/>
        <dependency id="sub0subscription" type="requires"/>
        <dependency id="wpm1awpkgmgmt" type="requires"/>
        <dependency id="Cm1cmaws" type="requires"/>
        <dependency id="adschangemanagement" type="requires"/>
        <dependency id="adstrainingprogram" type="requires"/>
        <dependency id="arm1awreqmgmtse" type="requires"/>
        <dependency id="cdm1awcontractmanagement" type="requires"/>
        <dependency id="vm1vendormanagementaw" type="requires"/>
        <dependency id="ads1awadsfoundation" type="requires"/>
        <dependency id="arm0activeworkspacereqmgmt" type="requires"/>
        <dependency id="csi1cmsmawinterface" type="requires"/>
        <dependency id="adc1awadschangemanagement" type="requires"/>
    </dependencies>
    <artifact artifactType="fnd0_dataModelArtifact" guid="8CDC02E41940335D235DE50D53FB07A3">
        <deploymentActions>
            <install>
                <target description="Perform the file deployment actions including unzip, copy, and delete." name="fileProcessing">
                    <unzip dest="${Teamcenter_root_path}" src="${Teamcenter_n5forethought_path}/artifacts/n5forethought_template.zip"/>
                    <unzip dest="${Teamcenter_root_path}" src="${Teamcenter_n5forethought_path}/artifacts/n5forethought_install.zip"/>
                    <copy file="${Teamcenter_n5forethought_path}/artifacts/n5forethought_icons.zip" todir="${Teamcenter_root_path}/install/n5forethought"/>
                </target>
                <target description="Perform the operations that must be completed prior to the database being updated." name="preDatabaseUpdate">
                    <TemplateDeploy name="n5forethought"/>
                </target>
                <target description="Perform the operations that are database dependent." name="databaseUpdate"/>
                <target description="Perform the operations that must be completed after the database update has occurred." name="postDatabaseUpdate"/>
            </install>
            <update>
                <target description="Perform the file deployment actions including unzip, copy, and delete." name="fileProcessing">
                    <unzip dest="${Teamcenter_root_path}" src="${Teamcenter_n5forethought_path}/artifacts/n5forethought_template.zip"/>
                    <unzip dest="${Teamcenter_root_path}" src="${Teamcenter_n5forethought_path}/artifacts/n5forethought_install.zip"/>
                    <copy file="${Teamcenter_n5forethought_path}/artifacts/n5forethought_icons.zip" force="true" overwrite="true" todir="${Teamcenter_root_path}/install/n5forethought"/>
                </target>
                <target description="Perform the operations that must be completed prior to the database being updated." name="preDatabaseUpdate">
                    <TemplateUpdate name="n5forethought"/>
                </target>
                <target description="Perform the operations that are database dependent." name="databaseUpdate"/>
                <target description="Perform the operations that must be completed after the database update has occurred." name="postDatabaseUpdate"/>
            </update>
        </deploymentActions>
    </artifact>
</package>
