<?xml version="1.0" encoding="UTF-8" standalone="no"?>
<!--
    Document   : feature_n5forethought.xml
    Description: This XML is used by TEM to install or upgrade the "n5forethought" solution.
--><feature>
                                                                    
    
    
    
    
    
    
    
    
    
    
    
    
    
    
    
    <name value="forethought"/>
                                                                    
    
    
    
    
    
    
    
    
    
    
    
    
    
    
    
    <property name="feature_name" value="n5forethought"/>
                                                                    
    
    
    
    
    
    
    
    
    
    
    
    
    
    
    
    <group value="package"/>
                                                                    
    
    
    
    
    
    
    
    
    
    
    
    
    
    
    
    <guid value="73579B6D339908B17A9AADA2BA46B389"/>
                                                                    
    
    
    
    
    
    
    
    
    
    
    
    
    
    
    
    <bundle value="${feature_name}Bundle.xml"/>
                                                                    
    
    
    
    
    
    
    
    
    
    
    
    
    
    
    
    <description value="${feature_name}.description"/>
                                                                    
    
    
    
    
    
    
    
    
    
    
    
    
    
    
    
    <include file="dataModelDependency.xml"/>
        
    <relation>
        <depends name="aws2" value="EF6284519D32B8DADCF0F05213AF807B"/>
        <depends name="cdm0contractmanagement" value="9B5E9AF55458161AE3B43A9013D0CC91"/>
        <depends name="cla0classification" value="DA3F5D4113BC31CC36A257EAB0669DDA"/>
        <depends name="cm" value="E9B8A3F6B7B53AE540DCC54C13B3C201"/>
        <depends name="pkgmgmt" value="32D35BD60859043CDDCF26BA87C606B7"/>
        <depends name="translationservice" value="301F12B06B3EAAB18DC0C2B9444F3B20"/>
        <depends name="vendormanagement" value="7EB052BF7B4039A2BB8C9F98009DD22D"/>
        <depends name="activeworkspacebom" value="0F47FD6920230AC9CFDB79C9AC941ADA"/>
        <depends name="adsfoundation" value="C1CE3C8DECCB592B48B69F1C9608F5B5"/>
        <depends name="aut0authorizationaws" value="E5F45EFFA34DA47F2CD8E4F150F81C11"/>
        <depends name="csi" value="D18192F4475ADEA11EC85F454C6ABA31"/>
        <depends name="relationshipviewer" value="75316003BA5162EFA94C6C205E068586"/>
        <depends name="s2clsocial" value="3E637E73EBF093620F8C1101D2BABF7A"/>
        <depends name="saw1projectmanagementaw" value="AE4481483E7E1E0A4B7486F62EEAE101"/>
        <depends name="sub0subscription" value="6FE48291523DB8DCDAF0F05213AF8B70"/>
        <depends name="wpm1awpkgmgmt" value="DAB69CF7384494990FF5CD6CFC8283CE"/>
        <depends name="Cm1cmaws" value="B75C673EA57FD9D5EBEF544DE7F07F4E"/>
        <depends name="adschangemanagement" value="8F0CF5DD16BB3F871C8E4FD948B0D672"/>
        <depends name="adstrainingprogram" value="727FC0BE66DFFC925792C895C9393AED"/>
        <depends name="arm1awreqmgmtse" value="6A9C3697BF72CF55B17CC0E5B7247B83"/>
        <depends name="cdm1awcontractmanagement" value="DDE4BD380DC2465799393BDB82FB8C16"/>
        <depends name="vm1vendormanagementaw" value="B1B77719DD894DCCEAB9527357553282"/>
        <depends name="ads1awadsfoundation" value="5782C5D62C895ED04BD98573FA0EA5B4"/>
        <depends name="arm0activeworkspacereqmgmt" value="FCD37E245AE8ED69797FCCBF4B316813"/>
        <depends name="csi1cmsmawinterface" value="2BC4C668A4D924641A0B93812B867DE9"/>
        <depends name="adc1awadschangemanagement" value="AEC300FD56D1D3AC3C39F673D3AD3D6F"/>
    </relation>
    <feature>
                                                                                                                                        
        
        
        
        
        
        
        
        
        
        
        
        
        
        
        
        <!--  Feature: Data Model -->
                                                                                                                                        
        
        
        
        
        
        
        
        
        
        
        
        
        
        
        
        <name value="Data Model"/>
                                                                                                                                        
        
        
        
        
        
        
        
        
        
        
        
        
        
        
        
        <property name="feature_id" value="datamodel"/>
                                                                                                                                        
        
        
        
        
        
        
        
        
        
        
        
        
        
        
        
        <property name="bmide_optional" value="false"/>
                                                                                                                                        
        
        
        
        
        
        
        
        
        
        
        
        
        
        
        
        <property name="template_name" value="${feature_name}"/>
                                                                                                                                        
        
        
        
        
        
        
        
        
        
        
        
        
        
        
        
        <property name="template_file" value="${template_name}_template.xml"/>
                                                                                                                                        
        
        
        
        
        
        
        
        
        
        
        
        
        
        
        
        <root value="true"/>
                                                                                                                                        
        
        
        
        
        
        
        
        
        
        
        
        
        
        
        
        <bundle value="${template_name}Bundle.xml"/>
                                                                                                                                        
        
        
        
        
        
        
        
        
        
        
        
        
        
        
        
        <description value="${template_name}.description"/>
                                                                                                                                        
        
        
        
        
        
        
        
        
        
        
        
        
        
        
        
        <guid value="8CDC02E41940335D235DE50D53FB07A3"/>
                                                                                                                                        
        
        
        
        
        
        
        
        
        
        
        
        
        
        
        
        <include file="coreDataModel2.xml"/>
                                                                                                                                        
        
        
        
        
        
        
        
        
        
        
        
        
        
        
        
        <include file="generatePlmxmlSchema.xml"/>
    </feature>
        
    <dependencyReferences>
        <reference name="foundation" value="8C061DD51E13E0CB9DC4687B1A3348BE"/>
    </dependencyReferences>
</feature>
